{
    "hulk": {
        "Boolean": {
            "Precision": 1.0,
            "Recall": 0.72,
            "F1-Score": 0.8372093023255813
        },
        "VSM": {
            "Precision": 1.0,
            "Recall": 0.4,
            "F1-Score": 0.5714285714285715
        },
        "BM25": {
            "Precision": 1.0,
            "Recall": 0.4,
            "F1-Score": 0.5714285714285715
        }
    },
    "iron man": {
        "Boolean": {
            "Precision": 0.9333333333333333,
            "Recall": 0.9333333333333333,
            "F1-Score": 0.9333333333333333
        },
        "VSM": {
            "Precision": 1.0,
            "Recall": 0.3333333333333333,
            "F1-Score": 0.5
        },
        "BM25": {
            "Precision": 1.0,
            "Recall": 0.3333333333333333,
            "F1-Score": 0.5
        }
    },
    "thor": {
        "Boolean": {
            "Precision": 1.0,
            "Recall": 0.8292682926829268,
            "F1-Score": 0.9066666666666667
        },
        "VSM": {
            "Precision": 1.0,
            "Recall": 0.24390243902439024,
            "F1-Score": 0.39215686274509803
        },
        "BM25": {
            "Precision": 1.0,
            "Recall": 0.24390243902439024,
            "F1-Score": 0.39215686274509803
        }
    },
    "avengers": {
        "Boolean": {
            "Precision": 0,
            "Recall": 0.0,
            "F1-Score": 0
        },
        "VSM": {
            "Precision": 0.2,
            "Recall": 0.2,
            "F1-Score": 0.20000000000000004
        },
        "BM25": {
            "Precision": 0.2,
            "Recall": 0.2,
            "F1-Score": 0.20000000000000004
        }
    },
    "captain america": {
        "Boolean": {
            "Precision": 0.9428571428571428,
            "Recall": 1.0,
            "F1-Score": 0.9705882352941176
        },
        "VSM": {
            "Precision": 1.0,
            "Recall": 0.30303030303030304,
            "F1-Score": 0.4651162790697675
        },
        "BM25": {
            "Precision": 1.0,
            "Recall": 0.30303030303030304,
            "F1-Score": 0.4651162790697675
        }
    },
    "black panther": {
        "Boolean": {
            "Precision": 1.0,
            "Recall": 1.0,
            "F1-Score": 1.0
        },
        "VSM": {
            "Precision": 1.0,
            "Recall": 0.43478260869565216,
            "F1-Score": 0.6060606060606061
        },
        "BM25": {
            "Precision": 0.9,
            "Recall": 0.391304347826087,
            "F1-Score": 0.5454545454545454
        }
    },
    "infinity stones": {
        "Boolean": {
            "Precision": 0,
            "Recall": 0.0,
            "F1-Score": 0
        },
        "VSM": {
            "Precision": 0.0,
            "Recall": 0.0,
            "F1-Score": 0
        },
        "BM25": {
            "Precision": 0.1,
            "Recall": 1.0,
            "F1-Score": 0.18181818181818182
        }
    },
    "guardians of the galaxy": {
        "Boolean": {
            "Precision": 0,
            "Recall": 0.0,
            "F1-Score": 0
        },
        "VSM": {
            "Precision": 0.1,
            "Recall": 0.3333333333333333,
            "F1-Score": 0.15384615384615383
        },
        "BM25": {
            "Precision": 0.3,
            "Recall": 1.0,
            "F1-Score": 0.4615384615384615
        }
    },
    "loki": {
        "Boolean": {
            "Precision": 1.0,
            "Recall": 1.0,
            "F1-Score": 1.0
        },
        "VSM": {
            "Precision": 1.0,
            "Recall": 0.4166666666666667,
            "F1-Score": 0.5882352941176471
        },
        "BM25": {
            "Precision": 1.0,
            "Recall": 0.4166666666666667,
            "F1-Score": 0.5882352941176471
        }
    },
    "multiverse": {
        "Boolean": {
            "Precision": 1.0,
            "Recall": 1.0,
            "F1-Score": 1.0
        },
        "VSM": {
            "Precision": 1.0,
            "Recall": 0.6666666666666666,
            "F1-Score": 0.8
        },
        "BM25": {
            "Precision": 1.0,
            "Recall": 0.6666666666666666,
            "F1-Score": 0.8
        }
    }
}