{
    "results": {
        "hulk": {
            "Boolean": {
                "Precision": 1.0,
                "Recall": 0.72,
                "F1-Score": 0.8372093023255813,
                "retrieved_docs": [
                    0,
                    1,
                    2,
                    3,
                    35,
                    5,
                    6,
                    7,
                    9,
                    41,
                    12,
                    13,
                    14,
                    17,
                    18,
                    20,
                    23,
                    26
                ]
            },
            "VSM": {
                "Precision": 1.0,
                "Recall": 0.4,
                "F1-Score": 0.5714285714285715,
                "retrieved_docs": [
                    0,
                    1,
                    2,
                    3,
                    5,
                    6,
                    7,
                    9,
                    12,
                    13
                ]
            },
            "BM25": {
                "Precision": 1.0,
                "Recall": 0.4,
                "F1-Score": 0.5714285714285715,
                "retrieved_docs": [
                    3,
                    18,
                    7,
                    41,
                    1,
                    12,
                    14,
                    20,
                    2,
                    0
                ]
            }
        },
        "iron man": {
            "Boolean": {
                "Precision": 0.9333333333333333,
                "Recall": 0.9333333333333333,
                "F1-Score": 0.9333333333333333,
                "retrieved_docs": [
                    0,
                    1,
                    2,
                    3,
                    4,
                    5,
                    6,
                    7,
                    8,
                    9,
                    10,
                    11,
                    12,
                    13,
                    14,
                    16,
                    17,
                    19,
                    20,
                    22,
                    23,
                    24,
                    25,
                    26,
                    27,
                    29,
                    34,
                    35,
                    39,
                    44
                ]
            },
            "VSM": {
                "Precision": 1.0,
                "Recall": 0.3333333333333333,
                "F1-Score": 0.5,
                "retrieved_docs": [
                    9,
                    17,
                    20,
                    22,
                    44,
                    8,
                    0,
                    14,
                    2,
                    4
                ]
            },
            "BM25": {
                "Precision": 1.0,
                "Recall": 0.3333333333333333,
                "F1-Score": 0.5,
                "retrieved_docs": [
                    8,
                    4,
                    2,
                    7,
                    1,
                    14,
                    0,
                    5,
                    12,
                    6
                ]
            }
        },
        "thor": {
            "Boolean": {
                "Precision": 1.0,
                "Recall": 0.8292682926829268,
                "F1-Score": 0.9066666666666667,
                "retrieved_docs": [
                    0,
                    1,
                    3,
                    4,
                    5,
                    6,
                    7,
                    8,
                    9,
                    10,
                    11,
                    12,
                    13,
                    14,
                    15,
                    16,
                    18,
                    20,
                    22,
                    23,
                    24,
                    25,
                    26,
                    27,
                    30,
                    33,
                    34,
                    35,
                    36,
                    37,
                    39,
                    41,
                    42,
                    45
                ]
            },
            "VSM": {
                "Precision": 1.0,
                "Recall": 0.24390243902439024,
                "F1-Score": 0.39215686274509803,
                "retrieved_docs": [
                    0,
                    1,
                    3,
                    4,
                    5,
                    6,
                    7,
                    8,
                    9,
                    10
                ]
            },
            "BM25": {
                "Precision": 1.0,
                "Recall": 0.24390243902439024,
                "F1-Score": 0.39215686274509803,
                "retrieved_docs": [
                    5,
                    30,
                    18,
                    9,
                    7,
                    12,
                    20,
                    0,
                    1,
                    23
                ]
            }
        },
        "avengers": {
            "Boolean": {
                "Precision": 0,
                "Recall": 0.0,
                "F1-Score": 0,
                "retrieved_docs": []
            },
            "VSM": {
                "Precision": 0.2,
                "Recall": 0.2,
                "F1-Score": 0.20000000000000004,
                "retrieved_docs": [
                    0,
                    1,
                    2,
                    3,
                    4,
                    5,
                    6,
                    7,
                    8,
                    9
                ]
            },
            "BM25": {
                "Precision": 0.2,
                "Recall": 0.2,
                "F1-Score": 0.20000000000000004,
                "retrieved_docs": [
                    0,
                    1,
                    2,
                    3,
                    4,
                    5,
                    6,
                    7,
                    8,
                    9
                ]
            }
        },
        "captain america": {
            "Boolean": {
                "Precision": 0.9428571428571428,
                "Recall": 1.0,
                "F1-Score": 0.9705882352941176,
                "retrieved_docs": [
                    0,
                    1,
                    2,
                    3,
                    5,
                    6,
                    7,
                    8,
                    9,
                    10,
                    11,
                    12,
                    13,
                    14,
                    15,
                    16,
                    17,
                    18,
                    19,
                    20,
                    21,
                    22,
                    23,
                    24,
                    25,
                    26,
                    27,
                    29,
                    30,
                    34,
                    35,
                    37,
                    40,
                    42,
                    44
                ]
            },
            "VSM": {
                "Precision": 1.0,
                "Recall": 0.30303030303030304,
                "F1-Score": 0.4651162790697675,
                "retrieved_docs": [
                    2,
                    5,
                    21,
                    34,
                    10,
                    14,
                    35,
                    6,
                    17,
                    29
                ]
            },